4IwOItqRhsIoRuD5HP4vyC,alternative rock
4IwOItqRhsIoRuD5HP4vyC,dream pop
4IwOItqRhsIoRuD5HP4vyC,experimental rock
4IwOItqRhsIoRuD5HP4vyC,louisville underground
4IwOItqRhsIoRuD5HP4vyC,math rock
4IwOItqRhsIoRuD5HP4vyC,noise pop
4IwOItqRhsIoRuD5HP4vyC,post-hardcore
4IwOItqRhsIoRuD5HP4vyC,post-punk
4IwOItqRhsIoRuD5HP4vyC,post-rock
4IwOItqRhsIoRuD5HP4vyC,shoegaze
4IwOItqRhsIoRuD5HP4vyC,slowcore
2QwJQuBekTA4qF7N7uLHDP,alternative pop
2QwJQuBekTA4qF7N7uLHDP,alternative rock
2QwJQuBekTA4qF7N7uLHDP,grunge
2QwJQuBekTA4qF7N7uLHDP,lilith
2QwJQuBekTA4qF7N7uLHDP,riot grrrl
5CG9X521RDFWCuAhlo6QoR,afrobeat
5CG9X521RDFWCuAhlo6QoR,afropop
5CG9X521RDFWCuAhlo6QoR,world
0Ty63ceoRnnJKVEYP0VQpk,permanent wave
0Ty63ceoRnnJKVEYP0VQpk,soft rock
0Ty63ceoRnnJKVEYP0VQpk,sophisti-pop
