artist_id,artist_genres
3MFp4cYuYtTZe3d3xkLLbr,rock-and-roll
3MFp4cYuYtTZe3d3xkLLbr,rockabilly
5hqB3Fxgin9YGYa0mIGf1G,art pop
5hqB3Fxgin9YGYa0mIGf1G,art rock
5hqB3Fxgin9YGYa0mIGf1G,compositional ambient
5hqB3Fxgin9YGYa0mIGf1G,experimental
5hqB3Fxgin9YGYa0mIGf1G,experimental pop
5hqB3Fxgin9YGYa0mIGf1G,experimental vocal
5hqB3Fxgin9YGYa0mIGf1G,laboratorio
3TNt4aUIxgfy9aoaft5Jj2,alternative dance
3TNt4aUIxgfy9aoaft5Jj2,alternative rock
3TNt4aUIxgfy9aoaft5Jj2,art pop
3TNt4aUIxgfy9aoaft5Jj2,chamber pop
3TNt4aUIxgfy9aoaft5Jj2,dance-punk
3TNt4aUIxgfy9aoaft5Jj2,garage rock
3TNt4aUIxgfy9aoaft5Jj2,indie rock
3TNt4aUIxgfy9aoaft5Jj2,modern rock
3TNt4aUIxgfy9aoaft5Jj2,neo-synthpop
3TNt4aUIxgfy9aoaft5Jj2,new rave
0urTpYCsixqZwgNTkPJOJ4,contemporary r&b
0urTpYCsixqZwgNTkPJOJ4,dance pop
0urTpYCsixqZwgNTkPJOJ4,hip pop
0urTpYCsixqZwgNTkPJOJ4,r&b
0urTpYCsixqZwgNTkPJOJ4,urban contemporary
4RncsrNJ1GDGsFBIxI76L6,cool jazz
4RncsrNJ1GDGsFBIxI76L6,jazz clarinet
4RncsrNJ1GDGsFBIxI76L6,jazz saxophone
2TXpVEw5FbzDh93tLoDm0i,shimmer pop
1N2FgBLehaq77UEdJhCt7f,britpop
2oyWkw7sq99yqj12hVUHtw,ambient pop
2oyWkw7sq99yqj12hVUHtw,art pop
2oyWkw7sq99yqj12hVUHtw,art rock
2oyWkw7sq99yqj12hVUHtw,experimental rock
2oyWkw7sq99yqj12hVUHtw,fourth world
2oyWkw7sq99yqj12hVUHtw,melancholia
2oyWkw7sq99yqj12hVUHtw,solo wave
2oyWkw7sq99yqj12hVUHtw,sophisti-pop
2UDplVRprMbazU74Hq8OLl,alternative country
2UDplVRprMbazU74Hq8OLl,folk
2UDplVRprMbazU74Hq8OLl,roots rock
5GUVj2b1lJ4DolQyHlzyaO,blues
5GUVj2b1lJ4DolQyHlzyaO,blues rock
5GUVj2b1lJ4DolQyHlzyaO,classic rock
5GUVj2b1lJ4DolQyHlzyaO,country rock
5GUVj2b1lJ4DolQyHlzyaO,electric blues
5GUVj2b1lJ4DolQyHlzyaO,folk rock
5GUVj2b1lJ4DolQyHlzyaO,heartland rock
5GUVj2b1lJ4DolQyHlzyaO,mellow gold
5GUVj2b1lJ4DolQyHlzyaO,roots rock
5GUVj2b1lJ4DolQyHlzyaO,singer-songwriter
5GUVj2b1lJ4DolQyHlzyaO,southern rock
5GUVj2b1lJ4DolQyHlzyaO,supergroup
5GUVj2b1lJ4DolQyHlzyaO,symphonic rock
17dXLKGh9AKpooAvGaVt34,dub
17dXLKGh9AKpooAvGaVt34,reggae
17dXLKGh9AKpooAvGaVt34,roots reggae
0EodhzA6yW1bIdD5B4tcmJ,adult standards
0EodhzA6yW1bIdD5B4tcmJ,easy listening
0EodhzA6yW1bIdD5B4tcmJ,lounge
0EodhzA6yW1bIdD5B4tcmJ,rock-and-roll
0EodhzA6yW1bIdD5B4tcmJ,vocal jazz
4lYtGx5NZQJHsMyhHc5iz3,garage rock
4lYtGx5NZQJHsMyhHc5iz3,gothabilly
4lYtGx5NZQJHsMyhHc5iz3,post-punk
4lYtGx5NZQJHsMyhHc5iz3,psychobilly
4lYtGx5NZQJHsMyhHc5iz3,punk
1zuJe6b1roixEKMOtyrEak,soft rock
3v4feUQnU3VEUqFrjmtekL,blues rock
3v4feUQnU3VEUqFrjmtekL,classic rock
3v4feUQnU3VEUqFrjmtekL,country rock
3v4feUQnU3VEUqFrjmtekL,folk rock
3v4feUQnU3VEUqFrjmtekL,glam rock
3v4feUQnU3VEUqFrjmtekL,protopunk
3v4feUQnU3VEUqFrjmtekL,psychedelic rock
3v4feUQnU3VEUqFrjmtekL,roots rock
3v4feUQnU3VEUqFrjmtekL,singer-songwriter
2ScuQMRWThcifBRIvNDFDC,blues
2ScuQMRWThcifBRIvNDFDC,blues rock
2ScuQMRWThcifBRIvNDFDC,british blues
2ScuQMRWThcifBRIvNDFDC,british invasion
2ScuQMRWThcifBRIvNDFDC,electric blues
2ScuQMRWThcifBRIvNDFDC,traditional blues
64tVHZVSAZhDEiOJxnb6hE,alternative rock
64tVHZVSAZhDEiOJxnb6hE,chamber pop
64tVHZVSAZhDEiOJxnb6hE,melancholia
5E2rtn57BM2WPjwak4kGd5,dance-punk
5E2rtn57BM2WPjwak4kGd5,el paso indie
5E2rtn57BM2WPjwak4kGd5,emo
5E2rtn57BM2WPjwak4kGd5,garage rock
5E2rtn57BM2WPjwak4kGd5,post-hardcore
5hW4L92KnC6dX9t7tYM4Ve,canadian singer-songwriter
5hW4L92KnC6dX9t7tYM4Ve,folk
5hW4L92KnC6dX9t7tYM4Ve,folk rock
5hW4L92KnC6dX9t7tYM4Ve,singer-songwriter
1OmdWpAh1pucAuZPzJaxIJ,alternative country
1OmdWpAh1pucAuZPzJaxIJ,chamber pop
1OmdWpAh1pucAuZPzJaxIJ,roots rock
1OmdWpAh1pucAuZPzJaxIJ,tucson indie
5fuQrhMRYMtoO9uOlFad4P,post-hardcore
5fuQrhMRYMtoO9uOlFad4P,progressive post-hardcore
5fuQrhMRYMtoO9uOlFad4P,screamo
5fuQrhMRYMtoO9uOlFad4P,swancore
1Fmb52lZ6Jv7FMWXXTPO3K,glam punk
1Fmb52lZ6Jv7FMWXXTPO3K,rock
0vUJ3QLN3MlRfjOc2LjGWp,detroit house
0vUJ3QLN3MlRfjOc2LjGWp,diva house
6zkX5fhrSD4tdVOmimR9wB,bebop
6zkX5fhrSD4tdVOmimR9wB,contemporary post-bop
6zkX5fhrSD4tdVOmimR9wB,jazz
6zkX5fhrSD4tdVOmimR9wB,jazz piano
6zkX5fhrSD4tdVOmimR9wB,stride
6zkX5fhrSD4tdVOmimR9wB,vocal jazz
6DPYiyq5kWVQS4RGwxzPC7,g funk
6DPYiyq5kWVQS4RGwxzPC7,gangster rap
6DPYiyq5kWVQS4RGwxzPC7,hip hop
6DPYiyq5kWVQS4RGwxzPC7,rap
6DPYiyq5kWVQS4RGwxzPC7,west coast rap
16eRpMNXSQ15wuJoeqguaB,alternative rock
16eRpMNXSQ15wuJoeqguaB,chamber pop
16eRpMNXSQ15wuJoeqguaB,indie rock
16eRpMNXSQ15wuJoeqguaB,indietronica
16eRpMNXSQ15wuJoeqguaB,noise pop
16eRpMNXSQ15wuJoeqguaB,okc indie
16eRpMNXSQ15wuJoeqguaB,singer-songwriter
1ZwdS5xdxEREPySFridCfh,g funk
1ZwdS5xdxEREPySFridCfh,gangster rap
1ZwdS5xdxEREPySFridCfh,hip hop
1ZwdS5xdxEREPySFridCfh,rap
1ZwdS5xdxEREPySFridCfh,west coast rap
23i8EixXKG0EWGRCfHlUGN,bebop
23i8EixXKG0EWGRCfHlUGN,contemporary post-bop
23i8EixXKG0EWGRCfHlUGN,hard bop
23i8EixXKG0EWGRCfHlUGN,jazz
23i8EixXKG0EWGRCfHlUGN,jazz vibraphone
23i8EixXKG0EWGRCfHlUGN,soul jazz
4HCubdy7diarb4KZo8etrq,australian alternative rock
4HCubdy7diarb4KZo8etrq,australian rock
4HCubdy7diarb4KZo8etrq,c86
4HCubdy7diarb4KZo8etrq,dunedin sound
4HCubdy7diarb4KZo8etrq,uk post-punk
3inCNiUr4R6XQ3W43s9Aqi,alternative rock
3inCNiUr4R6XQ3W43s9Aqi,chamber pop
3inCNiUr4R6XQ3W43s9Aqi,indie rock
3inCNiUr4R6XQ3W43s9Aqi,lo-fi
3inCNiUr4R6XQ3W43s9Aqi,shoegaze
1HJHwWck1EY096ea2iPAHO,bebop
1HJHwWck1EY096ea2iPAHO,hard bop
1HJHwWck1EY096ea2iPAHO,jazz
1HJHwWck1EY096ea2iPAHO,jazz trumpet
4w3QqrcmBv8dasemwBXmxf,melancholia
4w3QqrcmBv8dasemwBXmxf,new romantic
4w3QqrcmBv8dasemwBXmxf,new wave pop
4w3QqrcmBv8dasemwBXmxf,sophisti-pop
389zc5Rwe0MPcE6mSF4AjC,reggae
389zc5Rwe0MPcE6mSF4AjC,roots reggae
6c8INA1EQQe9TkukfEdiCA,power pop
6c8INA1EQQe9TkukfEdiCA,pub rock
6iygtKnPG7TRvDaTYcLOd6,doo-wop
048FBwXjFYBWxSggPDipic,british indie rock
048FBwXjFYBWxSggPDipic,britpop
048FBwXjFYBWxSggPDipic,modern rock
048FBwXjFYBWxSggPDipic,newcastle indie
048FBwXjFYBWxSggPDipic,scottish rock
4wLIbcoqmqI4WZHDiBxeCB,alternative rock
4wLIbcoqmqI4WZHDiBxeCB,indie rock
4wLIbcoqmqI4WZHDiBxeCB,noise pop
4wLIbcoqmqI4WZHDiBxeCB,olympia wa indie
4wLIbcoqmqI4WZHDiBxeCB,riot grrrl
1DTgcOxytJHD8p17mhSgd7,blues
1DTgcOxytJHD8p17mhSgd7,jump blues
1DTgcOxytJHD8p17mhSgd7,rhythm and blues
1DTgcOxytJHD8p17mhSgd7,traditional blues
3LzQVHowQWbzJBwBBNRPfY,accordion
3LzQVHowQWbzJBwBBNRPfY,zydeco
7oPgCQqMMXEXrNau5vxYZP,folk
7oPgCQqMMXEXrNau5vxYZP,lilith
7oPgCQqMMXEXrNau5vxYZP,singer-songwriter
7oPgCQqMMXEXrNau5vxYZP,women's music
0z6zRFzl5njXWLVAisXQBz,alternative rock
0z6zRFzl5njXWLVAisXQBz,experimental rock
0z6zRFzl5njXWLVAisXQBz,hardcore punk
0z6zRFzl5njXWLVAisXQBz,no wave
0z6zRFzl5njXWLVAisXQBz,post-hardcore
0z6zRFzl5njXWLVAisXQBz,post-punk
0z6zRFzl5njXWLVAisXQBz,punk
3CYSRCHfilgR8DSbkCMp5j,alternative country
3CYSRCHfilgR8DSbkCMp5j,classic canadian rock
3CYSRCHfilgR8DSbkCMp5j,ectofolk
3CYSRCHfilgR8DSbkCMp5j,folk
3CYSRCHfilgR8DSbkCMp5j,lilith
3CYSRCHfilgR8DSbkCMp5j,melancholia
3CYSRCHfilgR8DSbkCMp5j,toronto indie
6FfTOJJ5iO4tRG80MG5Ovj,german electronica
6FfTOJJ5iO4tRG80MG5Ovj,intelligent dance music
6FfTOJJ5iO4tRG80MG5Ovj,microhouse
6FfTOJJ5iO4tRG80MG5Ovj,minimal tech house
6FfTOJJ5iO4tRG80MG5Ovj,minimal techno
5EtBXjUUyPJmiljpRdN6RJ,britpop
392WuM1Yb4QRI0GG4epyn5,proto-hyperpop
4EnEZVjo3w1cwcQYePccay,conscious hip hop
4EnEZVjo3w1cwcQYePccay,gangster rap
4EnEZVjo3w1cwcQYePccay,golden age hip hop
4EnEZVjo3w1cwcQYePccay,hip hop
4EnEZVjo3w1cwcQYePccay,old school hip hop
4EnEZVjo3w1cwcQYePccay,rap
4EnEZVjo3w1cwcQYePccay,west coast rap
7Ey4PD4MYsKc5I2dolUwbH,album rock
7Ey4PD4MYsKc5I2dolUwbH,classic rock
7Ey4PD4MYsKc5I2dolUwbH,hard rock
7Ey4PD4MYsKc5I2dolUwbH,rock
1P8IfcNKwrkQP5xJWuhaOC,east coast hip hop
1P8IfcNKwrkQP5xJWuhaOC,golden age hip hop
1P8IfcNKwrkQP5xJWuhaOC,hip hop
1P8IfcNKwrkQP5xJWuhaOC,old school hip hop
1P8IfcNKwrkQP5xJWuhaOC,queens hip hop
1P8IfcNKwrkQP5xJWuhaOC,rap
2LMR8u7DOMF0FBseDpTsRa,britpop
2LMR8u7DOMF0FBseDpTsRa,chamber pop
2LMR8u7DOMF0FBseDpTsRa,scottish indie
4Cedjq5BQL3MhapRvDpFED,alternative country
4Cedjq5BQL3MhapRvDpFED,canadian indie
4Cedjq5BQL3MhapRvDpFED,canadian singer-songwriter
4Cedjq5BQL3MhapRvDpFED,chamber pop
4Cedjq5BQL3MhapRvDpFED,ectofolk
4Cedjq5BQL3MhapRvDpFED,folk
4Cedjq5BQL3MhapRvDpFED,lilith
4Cedjq5BQL3MhapRvDpFED,new americana
4Cedjq5BQL3MhapRvDpFED,outlaw country
4Cedjq5BQL3MhapRvDpFED,singer-songwriter
2Lhs0asnFQiLuntn3s8p78,chamber pop
2Lhs0asnFQiLuntn3s8p78,melancholia
3WrFJ7ztbogyGnTHbHJFl2,beatlesque
3WrFJ7ztbogyGnTHbHJFl2,british invasion
3WrFJ7ztbogyGnTHbHJFl2,classic rock
3WrFJ7ztbogyGnTHbHJFl2,merseybeat
3WrFJ7ztbogyGnTHbHJFl2,psychedelic rock
3WrFJ7ztbogyGnTHbHJFl2,rock
6kBDZFXuLrZgHnvmPu9NsG,ambient
6kBDZFXuLrZgHnvmPu9NsG,braindance
6kBDZFXuLrZgHnvmPu9NsG,electronica
6kBDZFXuLrZgHnvmPu9NsG,intelligent dance music
6kBDZFXuLrZgHnvmPu9NsG,uk experimental electronic
2ye2Wgw4gimLv2eAKyk1NB,hard rock
2ye2Wgw4gimLv2eAKyk1NB,metal
2ye2Wgw4gimLv2eAKyk1NB,old school thrash
2ye2Wgw4gimLv2eAKyk1NB,rock
2ye2Wgw4gimLv2eAKyk1NB,thrash metal
2NOhotupwYbKRNJF7LMDPG,blues rock
2NOhotupwYbKRNJF7LMDPG,garage rock
2NOhotupwYbKRNJF7LMDPG,punk blues
41ZMMuFFLPTVPkUsSI5KlV,blues
41ZMMuFFLPTVPkUsSI5KlV,chicago blues
41ZMMuFFLPTVPkUsSI5KlV,harmonica blues
41ZMMuFFLPTVPkUsSI5KlV,traditional blues
5lkiCO9UQ8B23dZ1o0UV4m,album rock
5lkiCO9UQ8B23dZ1o0UV4m,classic rock
5lkiCO9UQ8B23dZ1o0UV4m,country rock
5lkiCO9UQ8B23dZ1o0UV4m,folk
5lkiCO9UQ8B23dZ1o0UV4m,folk rock
5lkiCO9UQ8B23dZ1o0UV4m,heartland rock
5lkiCO9UQ8B23dZ1o0UV4m,mellow gold
5lkiCO9UQ8B23dZ1o0UV4m,piano rock
5lkiCO9UQ8B23dZ1o0UV4m,singer-songwriter
5lkiCO9UQ8B23dZ1o0UV4m,soft rock
7FW2qwsY0zLV9GppWatQ5P,modern indie folk
3qkZBMz5JgmRN9u5wwhRC6,alternative country
3qkZBMz5JgmRN9u5wwhRC6,heartland rock
4WPY0N74T3KUja57xMQTZ3,alternative rock
4WPY0N74T3KUja57xMQTZ3,permanent wave
4WPY0N74T3KUja57xMQTZ3,post-punk
4WPY0N74T3KUja57xMQTZ3,power pop
4WPY0N74T3KUja57xMQTZ3,punk
4WPY0N74T3KUja57xMQTZ3,singer-songwriter
33EUXrFKGjpUSGacqEHhU4,alternative rock
33EUXrFKGjpUSGacqEHhU4,glam rock
33EUXrFKGjpUSGacqEHhU4,permanent wave
33EUXrFKGjpUSGacqEHhU4,protopunk
33EUXrFKGjpUSGacqEHhU4,rock
52uMkSFt2RVO6XxTEt5VeW,chicago soul
52uMkSFt2RVO6XxTEt5VeW,classic soul
52uMkSFt2RVO6XxTEt5VeW,northern soul
52uMkSFt2RVO6XxTEt5VeW,southern soul
3t58jfUhoMLYVO14XaUFLA,avant-garde jazz
3t58jfUhoMLYVO14XaUFLA,contemporary post-bop
3t58jfUhoMLYVO14XaUFLA,jazz
3t58jfUhoMLYVO14XaUFLA,jazz fusion
3t58jfUhoMLYVO14XaUFLA,jazz guitar
0QJIPDAEDILuo8AIq3pMuU,escape room
0QJIPDAEDILuo8AIq3pMuU,indietronica
0QJIPDAEDILuo8AIq3pMuU,neo-synthpop
0QJIPDAEDILuo8AIq3pMuU,new rave
0k17h0D3J5VfsdmQ1iZtE9,album rock
0k17h0D3J5VfsdmQ1iZtE9,art rock
0k17h0D3J5VfsdmQ1iZtE9,classic rock
0k17h0D3J5VfsdmQ1iZtE9,progressive rock
0k17h0D3J5VfsdmQ1iZtE9,psychedelic rock
0k17h0D3J5VfsdmQ1iZtE9,rock
0k17h0D3J5VfsdmQ1iZtE9,symphonic rock
7xYxgSJaIf7yOFLmknYX38,acid rock
7xYxgSJaIf7yOFLmknYX38,protopunk
7xYxgSJaIf7yOFLmknYX38,psychedelic rock
29kkCKKGXheHuoO829FxWK,album rock
29kkCKKGXheHuoO829FxWK,classic rock
29kkCKKGXheHuoO829FxWK,glam metal
29kkCKKGXheHuoO829FxWK,hard rock
29kkCKKGXheHuoO829FxWK,mellow gold
29kkCKKGXheHuoO829FxWK,rock
29kkCKKGXheHuoO829FxWK,soft rock
5yV1qdnmxyIYiSFB02wpDj,chamber pop
5yV1qdnmxyIYiSFB02wpDj,indie rock
5yV1qdnmxyIYiSFB02wpDj,indietronica
5yV1qdnmxyIYiSFB02wpDj,seattle indie
22ojy4H4ZVpowC4lRRC8In,art pop
22ojy4H4ZVpowC4lRRC8In,chamber pop
22ojy4H4ZVpowC4lRRC8In,indie rock
22ojy4H4ZVpowC4lRRC8In,indietronica
22ojy4H4ZVpowC4lRRC8In,noise pop
22ojy4H4ZVpowC4lRRC8In,vancouver indie
03cwCzIWQ8BRmXjGPDAL04,big band
03cwCzIWQ8BRmXjGPDAL04,harlem renaissance
03cwCzIWQ8BRmXjGPDAL04,jazz blues
03cwCzIWQ8BRmXjGPDAL04,swing
6ZFv3wQwwWPiVDWhv0mjQK,reggae
6ZFv3wQwwWPiVDWhv0mjQK,roots reggae
6ZFv3wQwwWPiVDWhv0mjQK,ska
4ACplpEqD6JIVgKrafauzs,adult standards
4ACplpEqD6JIVgKrafauzs,folk rock
4ACplpEqD6JIVgKrafauzs,mellow gold
4ACplpEqD6JIVgKrafauzs,rock-and-roll
4ACplpEqD6JIVgKrafauzs,rockabilly
4ACplpEqD6JIVgKrafauzs,sunshine pop
3fMbdgg4jU18AjLCKBhRSm,r&b
3fMbdgg4jU18AjLCKBhRSm,soul
2GATzeg62cr6sH29wSOVWe,melancholia
2GATzeg62cr6sH29wSOVWe,slowcore
7C4sUpWGlTy7IANjruj02I,album rock
7C4sUpWGlTy7IANjruj02I,art rock
7C4sUpWGlTy7IANjruj02I,classic rock
7C4sUpWGlTy7IANjruj02I,mellow gold
7C4sUpWGlTy7IANjruj02I,new romantic
7C4sUpWGlTy7IANjruj02I,new wave
7C4sUpWGlTy7IANjruj02I,permanent wave
7C4sUpWGlTy7IANjruj02I,progressive rock
7C4sUpWGlTy7IANjruj02I,rock
7C4sUpWGlTy7IANjruj02I,singer-songwriter
7C4sUpWGlTy7IANjruj02I,soft rock
4xls23Ye9WR9yy3yYMpAMm,blues
4xls23Ye9WR9yy3yYMpAMm,rock-and-roll
4xls23Ye9WR9yy3yYMpAMm,rockabilly
4xls23Ye9WR9yy3yYMpAMm,soul
3iDD7bnsjL9J4fO298r0L0,album rock
3iDD7bnsjL9J4fO298r0L0,classic rock
3iDD7bnsjL9J4fO298r0L0,mellow gold
3iDD7bnsjL9J4fO298r0L0,rock
3iDD7bnsjL9J4fO298r0L0,soft rock
3iDD7bnsjL9J4fO298r0L0,yacht rock
711MCceyCBcFnzjGY4Q7Un,australian rock
711MCceyCBcFnzjGY4Q7Un,hard rock
711MCceyCBcFnzjGY4Q7Un,rock
00tVTdpEhQQw1bqdu8RCx2,album rock
00tVTdpEhQQw1bqdu8RCx2,classic rock
00tVTdpEhQQw1bqdu8RCx2,glam metal
00tVTdpEhQQw1bqdu8RCx2,hard rock
00tVTdpEhQQw1bqdu8RCx2,progressive rock
00tVTdpEhQQw1bqdu8RCx2,rock
5BwMgvRwlq61SmknvsVIQj,latin jazz
5BwMgvRwlq61SmknvsVIQj,salsa
5BwMgvRwlq61SmknvsVIQj,tipico
5BwMgvRwlq61SmknvsVIQj,tropical
5ixB75BQR3ADoWQkcHQJTs,classic oklahoma country
5ixB75BQR3ADoWQkcHQJTs,cowboy western
5ixB75BQR3ADoWQkcHQJTs,traditional country
5ixB75BQR3ADoWQkcHQJTs,western swing
5ixB75BQR3ADoWQkcHQJTs,yodeling
4oV5EVJ0XFWsJKoOvdRPvl,alternative pop
4oV5EVJ0XFWsJKoOvdRPvl,alternative rock
4oV5EVJ0XFWsJKoOvdRPvl,chamber pop
4oV5EVJ0XFWsJKoOvdRPvl,dayton indie
4oV5EVJ0XFWsJKoOvdRPvl,gbvfi
4oV5EVJ0XFWsJKoOvdRPvl,indie rock
4oV5EVJ0XFWsJKoOvdRPvl,lo-fi
4oV5EVJ0XFWsJKoOvdRPvl,modern power pop
4oV5EVJ0XFWsJKoOvdRPvl,noise pop
4oV5EVJ0XFWsJKoOvdRPvl,ohio indie
4oV5EVJ0XFWsJKoOvdRPvl,power pop
4oV5EVJ0XFWsJKoOvdRPvl,tape club
3nFkdlSjzX9mRTtwJOzDYB,east coast hip hop
3nFkdlSjzX9mRTtwJOzDYB,gangster rap
3nFkdlSjzX9mRTtwJOzDYB,hip hop
3nFkdlSjzX9mRTtwJOzDYB,pop rap
3nFkdlSjzX9mRTtwJOzDYB,rap
03hfAxVdAWj7kxDnSG0fLD,british invasion
03hfAxVdAWj7kxDnSG0fLD,rock-and-roll
2ooIqOf4X2uz4mMptXCtie,alternative rock
2ooIqOf4X2uz4mMptXCtie,chamber pop
2ooIqOf4X2uz4mMptXCtie,elephant 6
2ooIqOf4X2uz4mMptXCtie,indie rock
2ooIqOf4X2uz4mMptXCtie,lo-fi
2ooIqOf4X2uz4mMptXCtie,noise pop
244fcyNSuyhbRlMGfMbYrO,britpop
244fcyNSuyhbRlMGfMbYrO,chamber pop
244fcyNSuyhbRlMGfMbYrO,melancholia
4F84IBURUo98rz4r61KF70,alternative rock
4F84IBURUo98rz4r61KF70,blues rock
4F84IBURUo98rz4r61KF70,detroit rock
4F84IBURUo98rz4r61KF70,garage rock
4F84IBURUo98rz4r61KF70,modern blues rock
4F84IBURUo98rz4r61KF70,permanent wave
4F84IBURUo98rz4r61KF70,punk blues
4F84IBURUo98rz4r61KF70,rock
47zz7sob9NUcODy0BTDvKx,british soul
47zz7sob9NUcODy0BTDvKx,sophisti-pop
5cbutZUQE7SUCA6MsEMbBv,bebop
5cbutZUQE7SUCA6MsEMbBv,hard bop
5cbutZUQE7SUCA6MsEMbBv,jazz
5cbutZUQE7SUCA6MsEMbBv,jazz saxophone
2Mu5NfyYm8n5iTomuKAEHl,alternative r&b
2Mu5NfyYm8n5iTomuKAEHl,conscious hip hop
2Mu5NfyYm8n5iTomuKAEHl,hip hop
2Mu5NfyYm8n5iTomuKAEHl,neo soul
2Mu5NfyYm8n5iTomuKAEHl,new jersey rap
2Mu5NfyYm8n5iTomuKAEHl,r&b
2Mu5NfyYm8n5iTomuKAEHl,soul
3DiDSECUqqY1AuBP8qtaIa,neo soul
3DiDSECUqqY1AuBP8qtaIa,pop
3DiDSECUqqY1AuBP8qtaIa,r&b
3jVMgT4X7YeuYE4aludcmE,brill building pop
4pejUc4iciQfgdX6OKulQn,alternative metal
4pejUc4iciQfgdX6OKulQn,alternative rock
4pejUc4iciQfgdX6OKulQn,grunge
4pejUc4iciQfgdX6OKulQn,modern rock
4pejUc4iciQfgdX6OKulQn,nu metal
4pejUc4iciQfgdX6OKulQn,palm desert scene
4pejUc4iciQfgdX6OKulQn,rock
4pejUc4iciQfgdX6OKulQn,stoner metal
4pejUc4iciQfgdX6OKulQn,stoner rock
3lPQ2Fk5JOwGWAF3ORFCqH,album rock
3lPQ2Fk5JOwGWAF3ORFCqH,classic rock
3lPQ2Fk5JOwGWAF3ORFCqH,country rock
3lPQ2Fk5JOwGWAF3ORFCqH,folk rock
3lPQ2Fk5JOwGWAF3ORFCqH,hard rock
3lPQ2Fk5JOwGWAF3ORFCqH,heartland rock
3lPQ2Fk5JOwGWAF3ORFCqH,mellow gold
3lPQ2Fk5JOwGWAF3ORFCqH,rock
3lPQ2Fk5JOwGWAF3ORFCqH,singer-songwriter
3lPQ2Fk5JOwGWAF3ORFCqH,soft rock
7v4imS0moSyGdXyLgVTIV7,adult standards
7v4imS0moSyGdXyLgVTIV7,lounge
7v4imS0moSyGdXyLgVTIV7,soul
7v4imS0moSyGdXyLgVTIV7,swing
7v4imS0moSyGdXyLgVTIV7,vocal jazz
1dfeR4HaWDbWqFHLkxsg1d,classic rock
1dfeR4HaWDbWqFHLkxsg1d,glam rock
1dfeR4HaWDbWqFHLkxsg1d,rock
2wrhBKGC3DTNNNDRJPaxW6,alternative rock
2wrhBKGC3DTNNNDRJPaxW6,gbvfi
2wrhBKGC3DTNNNDRJPaxW6,lo-fi
2wrhBKGC3DTNNNDRJPaxW6,western mass indie
3Mcii5XWf6E0lrY3Uky4cA,conscious hip hop
3Mcii5XWf6E0lrY3Uky4cA,g funk
3Mcii5XWf6E0lrY3Uky4cA,gangster rap
3Mcii5XWf6E0lrY3Uky4cA,hip hop
3Mcii5XWf6E0lrY3Uky4cA,rap
3Mcii5XWf6E0lrY3Uky4cA,west coast rap
artist_id,artist_genres
5nPOO9iTcrs9k6yFffPxjH,downtempo
5nPOO9iTcrs9k6yFffPxjH,electronica
5nPOO9iTcrs9k6yFffPxjH,indietronica
5nPOO9iTcrs9k6yFffPxjH,neo-synthpop
5nPOO9iTcrs9k6yFffPxjH,trip hop
5KQMtyPE8DCQNUzoNqlEsE,new romantic
5KQMtyPE8DCQNUzoNqlEsE,new wave
5KQMtyPE8DCQNUzoNqlEsE,permanent wave
5KQMtyPE8DCQNUzoNqlEsE,synthpop
4wLAjfeqAsV66AocWNcowA,dancehall
4wLAjfeqAsV66AocWNcowA,reggae fusion
2ycnb8Er79LoH2AsR5ldjh,dance rock
2ycnb8Er79LoH2AsR5ldjh,new romantic
2ycnb8Er79LoH2AsR5ldjh,new wave
2ycnb8Er79LoH2AsR5ldjh,new wave pop
2ycnb8Er79LoH2AsR5ldjh,permanent wave
2ycnb8Er79LoH2AsR5ldjh,synthpop
1B8AXU6gIIafpyLEpbcv1u,classic soul
1B8AXU6gIIafpyLEpbcv1u,motown
1B8AXU6gIIafpyLEpbcv1u,northern soul
1B8AXU6gIIafpyLEpbcv1u,soul
1B8AXU6gIIafpyLEpbcv1u,southern soul
5dbuFbrHa1SJlQhQX9OUJ2,album rock
5dbuFbrHa1SJlQhQX9OUJ2,classic rock
5dbuFbrHa1SJlQhQX9OUJ2,heartland rock
5dbuFbrHa1SJlQhQX9OUJ2,mellow gold
5dbuFbrHa1SJlQhQX9OUJ2,singer-songwriter
5dbuFbrHa1SJlQhQX9OUJ2,soft rock
5dbuFbrHa1SJlQhQX9OUJ2,yacht rock
218kRJZ7FJs0hWIk8Ynzhz,arkansas country
218kRJZ7FJs0hWIk8Ynzhz,country
218kRJZ7FJs0hWIk8Ynzhz,nashville sound
0Y5tJX1MQlPlqiwlOH1tJY,hip hop
0Y5tJX1MQlPlqiwlOH1tJY,rap
0Y5tJX1MQlPlqiwlOH1tJY,slap house
545idYhdloaSlLGBY8E9u2,disco
545idYhdloaSlLGBY8E9u2,funk
545idYhdloaSlLGBY8E9u2,motown
545idYhdloaSlLGBY8E9u2,new jack swing
545idYhdloaSlLGBY8E9u2,p funk
545idYhdloaSlLGBY8E9u2,popping
545idYhdloaSlLGBY8E9u2,post-disco
545idYhdloaSlLGBY8E9u2,quiet storm
545idYhdloaSlLGBY8E9u2,soul
0q9kpdDkEA3H17gcRMjgVS,blues
0q9kpdDkEA3H17gcRMjgVS,chicago blues
0q9kpdDkEA3H17gcRMjgVS,delta blues
0q9kpdDkEA3H17gcRMjgVS,electric blues
0q9kpdDkEA3H17gcRMjgVS,traditional blues
2P3cjUru4H3fhSXXNxE9kA,boy band
2P3cjUru4H3fhSXXNxE9kA,contemporary r&b
2P3cjUru4H3fhSXXNxE9kA,new jack swing
2P3cjUru4H3fhSXXNxE9kA,r&b
4k1ELeJKT1ISyDv8JivPpB,big beat
4k1ELeJKT1ISyDv8JivPpB,breakbeat
4k1ELeJKT1ISyDv8JivPpB,dance rock
4k1ELeJKT1ISyDv8JivPpB,hardcore techno
4k1ELeJKT1ISyDv8JivPpB,rave
6RqyNFZlXUHKZHEoAws5Jd,conscious hip hop
6RqyNFZlXUHKZHEoAws5Jd,industrial hip hop
1ZikppG9dPedbIgMfnfx8k,classic soul
1ZikppG9dPedbIgMfnfx8k,disco
1ZikppG9dPedbIgMfnfx8k,rock-and-roll
1ZikppG9dPedbIgMfnfx8k,soul
1ZikppG9dPedbIgMfnfx8k,southern soul
2lolQgalUvZDfp5vvVtTYV,adult standards
2lolQgalUvZDfp5vvVtTYV,easy listening
2lolQgalUvZDfp5vvVtTYV,lounge
2lolQgalUvZDfp5vvVtTYV,vocal jazz
1xgFexIwrf2QjbU0buCNnp,alternative rock
1xgFexIwrf2QjbU0buCNnp,boston rock
2DoQBgPsB9AdmWpIa2hUSz,abstract
2DoQBgPsB9AdmWpIa2hUSz,ambient
2DoQBgPsB9AdmWpIa2hUSz,ambient guitar
2DoQBgPsB9AdmWpIa2hUSz,drone
2DoQBgPsB9AdmWpIa2hUSz,electroacoustic improvisation
2DoQBgPsB9AdmWpIa2hUSz,experimental guitar
2DoQBgPsB9AdmWpIa2hUSz,glitch
2DoQBgPsB9AdmWpIa2hUSz,intelligent dance music
2DoQBgPsB9AdmWpIa2hUSz,mandible
1bBZcz4jP7CoPlqpCFh4gz,classic country pop
1bBZcz4jP7CoPlqpCFh4gz,cowboy western
5yXAFDZNUNyO92l5WTImkO,anti-folk
5yXAFDZNUNyO92l5WTImkO,folk punk
5yXAFDZNUNyO92l5WTImkO,permanent wave
5yXAFDZNUNyO92l5WTImkO,singer-songwriter
5yXAFDZNUNyO92l5WTImkO,uk americana
0TImkz4nPqjegtVSMZnMRq,atl hip hop
0TImkz4nPqjegtVSMZnMRq,contemporary r&b
0TImkz4nPqjegtVSMZnMRq,dance pop
0TImkz4nPqjegtVSMZnMRq,girl group
0TImkz4nPqjegtVSMZnMRq,hip pop
0TImkz4nPqjegtVSMZnMRq,r&b
0TImkz4nPqjegtVSMZnMRq,urban contemporary
05sIdEkXAYDbDDdv3T56Oj,brill building pop
05sIdEkXAYDbDDdv3T56Oj,classic girl group
05sIdEkXAYDbDDdv3T56Oj,doo-wop
05sIdEkXAYDbDDdv3T56Oj,rock-and-roll
23zg3TcAtWQy7J6upgbUnj,atl hip hop
23zg3TcAtWQy7J6upgbUnj,contemporary r&b
23zg3TcAtWQy7J6upgbUnj,dance pop
23zg3TcAtWQy7J6upgbUnj,pop
23zg3TcAtWQy7J6upgbUnj,r&b
23zg3TcAtWQy7J6upgbUnj,rap
23zg3TcAtWQy7J6upgbUnj,south carolina hip hop
23zg3TcAtWQy7J6upgbUnj,urban contemporary
4596e2d3KmYzAeVenjCxfj,alternative r&b
4596e2d3KmYzAeVenjCxfj,indie soul
6mcrZQmgzFGRWf7C0SObou,adult standards
6mcrZQmgzFGRWf7C0SObou,bubblegum pop
6mcrZQmgzFGRWf7C0SObou,doo-wop
6mcrZQmgzFGRWf7C0SObou,lounge
6mcrZQmgzFGRWf7C0SObou,northern soul
6mcrZQmgzFGRWf7C0SObou,rock-and-roll
6mcrZQmgzFGRWf7C0SObou,rockabilly
4BFMTELQyWJU1SwqcXMBm3,alternative rock
4BFMTELQyWJU1SwqcXMBm3,detroit rock
4BFMTELQyWJU1SwqcXMBm3,permanent wave
4BFMTELQyWJU1SwqcXMBm3,protopunk
4BFMTELQyWJU1SwqcXMBm3,punk
4uN3DsfENc7dp0OLO0FEIb,alternative metal
4uN3DsfENc7dp0OLO0FEIb,funk metal
4uN3DsfENc7dp0OLO0FEIb,pop rock
4uN3DsfENc7dp0OLO0FEIb,post-grunge
040Bv6cZTRh30LyyYVXgJX,baroque pop
040Bv6cZTRh30LyyYVXgJX,cosmic american
040Bv6cZTRh30LyyYVXgJX,country rock
040Bv6cZTRh30LyyYVXgJX,singer-songwriter
2kTn692duPSkqN6czSilyk,australian alternative rock
2kTn692duPSkqN6czSilyk,australian rock
2kTn692duPSkqN6czSilyk,melancholia
2kTn692duPSkqN6czSilyk,perth indie
5fsDcuclIe8ZiBD5P787K1,album rock
5fsDcuclIe8ZiBD5P787K1,blues
5fsDcuclIe8ZiBD5P787K1,blues rock
5fsDcuclIe8ZiBD5P787K1,classic rock
5fsDcuclIe8ZiBD5P787K1,electric blues
5fsDcuclIe8ZiBD5P787K1,hard rock
5fsDcuclIe8ZiBD5P787K1,heartland rock
5fsDcuclIe8ZiBD5P787K1,instrumental rock
5fsDcuclIe8ZiBD5P787K1,rock
5fsDcuclIe8ZiBD5P787K1,texas blues
7HGNYPmbDrMkylWqeFCOIQ,bossa nova
7HGNYPmbDrMkylWqeFCOIQ,mpb
7HGNYPmbDrMkylWqeFCOIQ,samba de roda
7HGNYPmbDrMkylWqeFCOIQ,tropicalia
22WZ7M8sxp5THdruNY3gXt,acid rock
22WZ7M8sxp5THdruNY3gXt,album rock
22WZ7M8sxp5THdruNY3gXt,classic rock
22WZ7M8sxp5THdruNY3gXt,hard rock
22WZ7M8sxp5THdruNY3gXt,psychedelic rock
22WZ7M8sxp5THdruNY3gXt,rock
3kbBWco9PZ5eSQsNScwG6U,alternative rock
3kbBWco9PZ5eSQsNScwG6U,chamber pop
3kbBWco9PZ5eSQsNScwG6U,idaho indie
3kbBWco9PZ5eSQsNScwG6U,indie rock
3kbBWco9PZ5eSQsNScwG6U,lo-fi
3kbBWco9PZ5eSQsNScwG6U,noise rock
34EP7KEpOjXcM2TCat1ISk,east coast hip hop
34EP7KEpOjXcM2TCat1ISk,gangster rap
34EP7KEpOjXcM2TCat1ISk,hardcore hip hop
34EP7KEpOjXcM2TCat1ISk,hip hop
34EP7KEpOjXcM2TCat1ISk,rap
7jocoSCuCtpCxCI6IbP8ye,conscious hip hop
7jocoSCuCtpCxCI6IbP8ye,gangster rap
7jocoSCuCtpCxCI6IbP8ye,hardcore hip hop
7jocoSCuCtpCxCI6IbP8ye,hip hop
7jocoSCuCtpCxCI6IbP8ye,west coast rap
6DCIj8jNaNpBz8e5oKFPtp,album rock
6DCIj8jNaNpBz8e5oKFPtp,classic rock
6DCIj8jNaNpBz8e5oKFPtp,hard rock
6DCIj8jNaNpBz8e5oKFPtp,mellow gold
6DCIj8jNaNpBz8e5oKFPtp,new romantic
6DCIj8jNaNpBz8e5oKFPtp,new wave
6DCIj8jNaNpBz8e5oKFPtp,new wave pop
6DCIj8jNaNpBz8e5oKFPtp,permanent wave
6DCIj8jNaNpBz8e5oKFPtp,power pop
6DCIj8jNaNpBz8e5oKFPtp,rock
6DCIj8jNaNpBz8e5oKFPtp,singer-songwriter
6DCIj8jNaNpBz8e5oKFPtp,soft rock
6DCIj8jNaNpBz8e5oKFPtp,synthpop
04cetTUz2JTzXBqFKO5YB5,gbvfi
04cetTUz2JTzXBqFKO5YB5,lo-fi
04cetTUz2JTzXBqFKO5YB5,new jersey indie
438JBZR1AR0l04AzcYW9gy,classic soul
438JBZR1AR0l04AzcYW9gy,disco
438JBZR1AR0l04AzcYW9gy,funk
438JBZR1AR0l04AzcYW9gy,philly soul
438JBZR1AR0l04AzcYW9gy,quiet storm
438JBZR1AR0l04AzcYW9gy,soul
438JBZR1AR0l04AzcYW9gy,southern soul
2g3PKH7Z1Ofn5oGR6oDjLy,classic garage rock
2g3PKH7Z1Ofn5oGR6oDjLy,garage rock
2g3PKH7Z1Ofn5oGR6oDjLy,protopunk
3SblTU11ZKURsHhWGwPpt9,british invasion
3w0vR06WHMVwMe1G20wmlS,big beat
3w0vR06WHMVwMe1G20wmlS,intelligent dance music
3w0vR06WHMVwMe1G20wmlS,trip hop
4Am5deuAhDuKUJgXmoCQzj,rhythm and blues
4Am5deuAhDuKUJgXmoCQzj,vocal harmony group
0F3Aew9DSd6fb6192K1K0Y,bebop
0F3Aew9DSd6fb6192K1K0Y,contemporary jazz
0F3Aew9DSd6fb6192K1K0Y,contemporary post-bop
0F3Aew9DSd6fb6192K1K0Y,ecm-style jazz
0F3Aew9DSd6fb6192K1K0Y,jazz
0F3Aew9DSd6fb6192K1K0Y,jazz fusion
0F3Aew9DSd6fb6192K1K0Y,jazz piano
4TMHGUX5WI7OOm53PqSDAT,cosmic american
4TMHGUX5WI7OOm53PqSDAT,jam band
4TMHGUX5WI7OOm53PqSDAT,psychedelic rock
0lwRI7lvmlRY5DiA5Xa6wQ,disco
0lwRI7lvmlRY5DiA5Xa6wQ,minneapolis sound
0lwRI7lvmlRY5DiA5Xa6wQ,synthpop
5A0MH7JfEBEMySevsmauds,canterbury scene
5A0MH7JfEBEMySevsmauds,experimental
5A0MH7JfEBEMySevsmauds,jazz fusion
5A0MH7JfEBEMySevsmauds,jazz rock
5A0MH7JfEBEMySevsmauds,progressive rock
5A0MH7JfEBEMySevsmauds,zolo
7lKaTIgVek1R2lqpCulQmq,rock-and-roll
7lKaTIgVek1R2lqpCulQmq,rockabilly
5hQCwevTf03u1rECrRMeop,bronx hip hop
5hQCwevTf03u1rECrRMeop,old school hip hop
0nJUwPwC9Ti4vvuJ0q3MfT,folk
0nJUwPwC9Ti4vvuJ0q3MfT,new americana
0nJUwPwC9Ti4vvuJ0q3MfT,roots rock
0nJUwPwC9Ti4vvuJ0q3MfT,singer-songwriter
6cAtGdArQhrU7tTBoeWY3P,blues
6cAtGdArQhrU7tTBoeWY3P,blues rock
6cAtGdArQhrU7tTBoeWY3P,country rock
6cAtGdArQhrU7tTBoeWY3P,electric blues
6cAtGdArQhrU7tTBoeWY3P,modern blues
6cAtGdArQhrU7tTBoeWY3P,southern rock
5m8H6zSadhu1j9Yi04VLqD,classic soul
5m8H6zSadhu1j9Yi04VLqD,funk
5m8H6zSadhu1j9Yi04VLqD,funk rock
5m8H6zSadhu1j9Yi04VLqD,p funk
5m8H6zSadhu1j9Yi04VLqD,psychedelic soul
5m8H6zSadhu1j9Yi04VLqD,soul
5m8H6zSadhu1j9Yi04VLqD,southern soul
7MoIc5s9KXolCBH1fy9kkw,art pop
7MoIc5s9KXolCBH1fy9kkw,eugene indie
7MoIc5s9KXolCBH1fy9kkw,indie pop
7MoIc5s9KXolCBH1fy9kkw,indie rock
7MoIc5s9KXolCBH1fy9kkw,philly indie
6WH1V41LwGDGmlPUhSZLHO,abstract
6WH1V41LwGDGmlPUhSZLHO,ambient techno
6WH1V41LwGDGmlPUhSZLHO,drill and bass
6WH1V41LwGDGmlPUhSZLHO,electronica
6WH1V41LwGDGmlPUhSZLHO,glitch
6WH1V41LwGDGmlPUhSZLHO,intelligent dance music
6WH1V41LwGDGmlPUhSZLHO,uk experimental electronic
6P7H3ai06vU1sGvdpBwDmE,album rock
6P7H3ai06vU1sGvdpBwDmE,classic rock
6P7H3ai06vU1sGvdpBwDmE,country rock
6P7H3ai06vU1sGvdpBwDmE,folk rock
6P7H3ai06vU1sGvdpBwDmE,mellow gold
6P7H3ai06vU1sGvdpBwDmE,rock
6P7H3ai06vU1sGvdpBwDmE,soft rock
6P7H3ai06vU1sGvdpBwDmE,yacht rock
3UvcmAOZt64oKpP95f6MMM,alternative rock
3UvcmAOZt64oKpP95f6MMM,baroque pop
3UvcmAOZt64oKpP95f6MMM,beatlesque
3UvcmAOZt64oKpP95f6MMM,jangle pop
3UvcmAOZt64oKpP95f6MMM,melancholia
3UvcmAOZt64oKpP95f6MMM,power pop
2vQavlZtDA660mnZotYIto,cosmic american
2vQavlZtDA660mnZotYIto,garage rock
2vQavlZtDA660mnZotYIto,native american traditional
2vQavlZtDA660mnZotYIto,surf music
2vQavlZtDA660mnZotYIto,traditional blues
4RVnAU35WRWra6OZ3CbbMA,australian dance
4RVnAU35WRWra6OZ3CbbMA,australian pop
4RVnAU35WRWra6OZ3CbbMA,dance pop
4RVnAU35WRWra6OZ3CbbMA,eurodance
4RVnAU35WRWra6OZ3CbbMA,new wave pop
2jgPkn6LuUazBoBk6vvjh5,baroque pop
2jgPkn6LuUazBoBk6vvjh5,british invasion
2jgPkn6LuUazBoBk6vvjh5,classic rock
2jgPkn6LuUazBoBk6vvjh5,folk rock
2jgPkn6LuUazBoBk6vvjh5,psychedelic rock
3d1olqhURDe8e5HOta1Qxg,louisiana blues
3d1olqhURDe8e5HOta1Qxg,new orleans blues
3d1olqhURDe8e5HOta1Qxg,new orleans funk
2ApaG60P4r0yhBoDCGD8YG,alternative rock
2ApaG60P4r0yhBoDCGD8YG,indie rock
2ApaG60P4r0yhBoDCGD8YG,melancholia
2ApaG60P4r0yhBoDCGD8YG,singer-songwriter
37w38cCSGgKLdayTRjna4W,dream pop
37w38cCSGgKLdayTRjna4W,melancholia
37w38cCSGgKLdayTRjna4W,shoegaze
37w38cCSGgKLdayTRjna4W,slowcore
7C2DSqaNkh0w77O5Jz1FKh,free jazz
7C2DSqaNkh0w77O5Jz1FKh,jazz saxophone
2d0hyoQ5ynDBnkvAbJKORj,alternative metal
2d0hyoQ5ynDBnkvAbJKORj,alternative rock
2d0hyoQ5ynDBnkvAbJKORj,conscious hip hop
2d0hyoQ5ynDBnkvAbJKORj,funk metal
2d0hyoQ5ynDBnkvAbJKORj,hard rock
2d0hyoQ5ynDBnkvAbJKORj,nu metal
2d0hyoQ5ynDBnkvAbJKORj,political hip hop
2d0hyoQ5ynDBnkvAbJKORj,post-grunge
2d0hyoQ5ynDBnkvAbJKORj,rap metal
2d0hyoQ5ynDBnkvAbJKORj,rap rock
2d0hyoQ5ynDBnkvAbJKORj,rock
2yEwvVSSSUkcLeSTNyHKh8,alternative metal
2yEwvVSSSUkcLeSTNyHKh8,art rock
2yEwvVSSSUkcLeSTNyHKh8,nu metal
2yEwvVSSSUkcLeSTNyHKh8,post-grunge
2yEwvVSSSUkcLeSTNyHKh8,progressive metal
2yEwvVSSSUkcLeSTNyHKh8,progressive rock
2yEwvVSSSUkcLeSTNyHKh8,rock
1LB8qB5BPb3MHQrfkvifXU,album rock
1LB8qB5BPb3MHQrfkvifXU,beatlesque
1LB8qB5BPb3MHQrfkvifXU,classic rock
1LB8qB5BPb3MHQrfkvifXU,glam metal
1LB8qB5BPb3MHQrfkvifXU,glam rock
1LB8qB5BPb3MHQrfkvifXU,hard rock
1LB8qB5BPb3MHQrfkvifXU,heartland rock
1LB8qB5BPb3MHQrfkvifXU,mellow gold
1LB8qB5BPb3MHQrfkvifXU,power pop
1LB8qB5BPb3MHQrfkvifXU,rock
1LB8qB5BPb3MHQrfkvifXU,soft rock
0sHeX8oQ6o7xic3wMf4NBU,alternative rock
0sHeX8oQ6o7xic3wMf4NBU,britpop
0sHeX8oQ6o7xic3wMf4NBU,oxford indie
1b1N51wmSK0ckxFAMPSSHO,chicago soul
1b1N51wmSK0ckxFAMPSSHO,classic soul
1b1N51wmSK0ckxFAMPSSHO,funk
1b1N51wmSK0ckxFAMPSSHO,quiet storm
1b1N51wmSK0ckxFAMPSSHO,soul
5TnuP42pw475UrjjeabtwZ,celtic rock
5TnuP42pw475UrjjeabtwZ,irish rock
5TnuP42pw475UrjjeabtwZ,scottish new wave
5TnuP42pw475UrjjeabtwZ,scottish rock
4AYkFtEBnNnGuoo8HaHErd,britpop
4AYkFtEBnNnGuoo8HaHErd,new romantic
4AYkFtEBnNnGuoo8HaHErd,new wave
4AYkFtEBnNnGuoo8HaHErd,ska
4AYkFtEBnNnGuoo8HaHErd,ska revival
1gRNBaI4yn6wCCTvRhGWh8,classic rock
1gRNBaI4yn6wCCTvRhGWh8,folk
1gRNBaI4yn6wCCTvRhGWh8,folk rock
1gRNBaI4yn6wCCTvRhGWh8,heartland rock
1gRNBaI4yn6wCCTvRhGWh8,mellow gold
1gRNBaI4yn6wCCTvRhGWh8,singer-songwriter
1gRNBaI4yn6wCCTvRhGWh8,soft rock
6n9Ciz68f2aZF98RAdshe6,modern southern rock
0701Axu6yvUIoctaKMbDIZ,beach music
0701Axu6yvUIoctaKMbDIZ,motown
4DToQR3aKrHQSSRzSz8Nzt,alternative rock
4DToQR3aKrHQSSRzSz8Nzt,garage rock
4DToQR3aKrHQSSRzSz8Nzt,garage rock revival
4DToQR3aKrHQSSRzSz8Nzt,modern rock
4DToQR3aKrHQSSRzSz8Nzt,rock
4DToQR3aKrHQSSRzSz8Nzt,swedish garage rock
4DToQR3aKrHQSSRzSz8Nzt,swedish hard rock
4DToQR3aKrHQSSRzSz8Nzt,swedish indie rock
0AD4odMWVQ2wUSlgxOB5Rl,album rock
0AD4odMWVQ2wUSlgxOB5Rl,blues
0AD4odMWVQ2wUSlgxOB5Rl,blues rock
0AD4odMWVQ2wUSlgxOB5Rl,british blues
0AD4odMWVQ2wUSlgxOB5Rl,classic rock
0AD4odMWVQ2wUSlgxOB5Rl,electric blues
0AD4odMWVQ2wUSlgxOB5Rl,hard rock
0AD4odMWVQ2wUSlgxOB5Rl,instrumental rock
0AD4odMWVQ2wUSlgxOB5Rl,jazz fusion
0AD4odMWVQ2wUSlgxOB5Rl,progressive rock
0JDkhL4rjiPNEp92jAgJnS,adult standards
0JDkhL4rjiPNEp92jAgJnS,classic rock
0JDkhL4rjiPNEp92jAgJnS,folk rock
0JDkhL4rjiPNEp92jAgJnS,mellow gold
0JDkhL4rjiPNEp92jAgJnS,rock-and-roll
0JDkhL4rjiPNEp92jAgJnS,rockabilly
0JDkhL4rjiPNEp92jAgJnS,singer-songwriter
1YzCsTRb22dQkh9lghPIrp,adult standards
1YzCsTRb22dQkh9lghPIrp,harlem renaissance
1YzCsTRb22dQkh9lghPIrp,jazz
1YzCsTRb22dQkh9lghPIrp,jazz blues
1YzCsTRb22dQkh9lghPIrp,soul
1YzCsTRb22dQkh9lghPIrp,swing
1YzCsTRb22dQkh9lghPIrp,torch song
1YzCsTRb22dQkh9lghPIrp,vocal jazz
36E7oYfz3LLRto6l2WmDcD,alternative rock
36E7oYfz3LLRto6l2WmDcD,britpop
36E7oYfz3LLRto6l2WmDcD,permanent wave
36E7oYfz3LLRto6l2WmDcD,sheffield indie
6QtGlUje9TIkLrgPZrESuk,album rock
6QtGlUje9TIkLrgPZrESuk,classic rock
6QtGlUje9TIkLrgPZrESuk,hard rock
6QtGlUje9TIkLrgPZrESuk,heartland rock
6QtGlUje9TIkLrgPZrESuk,mellow gold
6QtGlUje9TIkLrgPZrESuk,rock
6QtGlUje9TIkLrgPZrESuk,singer-songwriter
6QtGlUje9TIkLrgPZrESuk,soft rock
6S0GHTqz5sxK5f9HtLXn9q,alternative rock
6S0GHTqz5sxK5f9HtLXn9q,dance rock
6S0GHTqz5sxK5f9HtLXn9q,electronic rock
6S0GHTqz5sxK5f9HtLXn9q,permanent wave
5Wabl1lPdNOeIn0SQ5A1mp,alternative rock
5Wabl1lPdNOeIn0SQ5A1mp,art pop
5Wabl1lPdNOeIn0SQ5A1mp,dream pop
5Wabl1lPdNOeIn0SQ5A1mp,ethereal wave
5Wabl1lPdNOeIn0SQ5A1mp,melancholia
5Wabl1lPdNOeIn0SQ5A1mp,scottish indie
5Wabl1lPdNOeIn0SQ5A1mp,shoegaze
5Wabl1lPdNOeIn0SQ5A1mp,synthpop
4lxfqrEsLX6N1N4OCSkILp,rock drums
4lxfqrEsLX6N1N4OCSkILp,soft rock
0vn7UBvSQECKJm2817Yf1P,classic rock
0vn7UBvSQECKJm2817Yf1P,folk
0vn7UBvSQECKJm2817Yf1P,folk rock
0vn7UBvSQECKJm2817Yf1P,heartland rock
0vn7UBvSQECKJm2817Yf1P,mellow gold
0vn7UBvSQECKJm2817Yf1P,singer-songwriter
0vn7UBvSQECKJm2817Yf1P,soft rock
6kz53iCdBSqhQCZ21CoLcc,new romantic
6kz53iCdBSqhQCZ21CoLcc,new wave
6kz53iCdBSqhQCZ21CoLcc,new wave pop
6kz53iCdBSqhQCZ21CoLcc,soft rock
6kz53iCdBSqhQCZ21CoLcc,synthpop
3X0tJzVYoWlfjLYI0Ridsw,lilith
3X0tJzVYoWlfjLYI0Ridsw,new romantic
3X0tJzVYoWlfjLYI0Ridsw,new wave pop
3X0tJzVYoWlfjLYI0Ridsw,permanent wave
3X0tJzVYoWlfjLYI0Ridsw,singer-songwriter
34UhPkLbtFKRq3nmfFgejG,british post-rock
34UhPkLbtFKRq3nmfFgejG,compositional ambient
34UhPkLbtFKRq3nmfFgejG,cosmic post-rock
34UhPkLbtFKRq3nmfFgejG,dream pop
34UhPkLbtFKRq3nmfFgejG,electronica
34UhPkLbtFKRq3nmfFgejG,indie rock
34UhPkLbtFKRq3nmfFgejG,instrumental post-rock
34UhPkLbtFKRq3nmfFgejG,post-rock
34UhPkLbtFKRq3nmfFgejG,scottish rock
4yiQZ8tQPux8cPriYMWUFP,dance pop
4yiQZ8tQPux8cPriYMWUFP,pop
2EsmKkHsXK0WMNGOtIhbxr,contemporary post-bop
2EsmKkHsXK0WMNGOtIhbxr,jazz
2EsmKkHsXK0WMNGOtIhbxr,jazz piano
2Hkut4rAAyrQxRdof7FVJq,album rock
2Hkut4rAAyrQxRdof7FVJq,canadian metal
2Hkut4rAAyrQxRdof7FVJq,classic canadian rock
2Hkut4rAAyrQxRdof7FVJq,classic rock
2Hkut4rAAyrQxRdof7FVJq,hard rock
2Hkut4rAAyrQxRdof7FVJq,progressive rock
2Hkut4rAAyrQxRdof7FVJq,rock
7yk35uHNQclPXFGFoTU44w,alternative hip hop
7yk35uHNQclPXFGFoTU44w,hardcore hip hop
7yk35uHNQclPXFGFoTU44w,hip hop
7yk35uHNQclPXFGFoTU44w,jazz rap
7yk35uHNQclPXFGFoTU44w,west coast rap
7Lf3LOZp3U3u2f6cWMd3AH,britpop
7Lf3LOZp3U3u2f6cWMd3AH,solo wave
7LuYiSXiWs86rwWJjEEgB9,alternative rock
7LuYiSXiWs86rwWJjEEgB9,grunge
7LuYiSXiWs86rwWJjEEgB9,punk
3Ovf2lytXSXWFM2cwsJACC,acoustic blues
3Ovf2lytXSXWFM2cwsJACC,blues
3Ovf2lytXSXWFM2cwsJACC,country blues
3Ovf2lytXSXWFM2cwsJACC,delta blues
3Ovf2lytXSXWFM2cwsJACC,texas blues
3Ovf2lytXSXWFM2cwsJACC,traditional blues
0JM134st8VY7Ld9T2wQiH0,bebop
0JM134st8VY7Ld9T2wQiH0,jazz
0JM134st8VY7Ld9T2wQiH0,jazz saxophone
1tpXaFf2F55E7kVJON4j4G,garage rock
1tpXaFf2F55E7kVJON4j4G,garage rock revival
1tpXaFf2F55E7kVJON4j4G,modern blues rock
1tpXaFf2F55E7kVJON4j4G,permanent wave
3mNygoyrEKLgo6sx0MzwOL,afropop
3mNygoyrEKLgo6sx0MzwOL,desert blues
3mNygoyrEKLgo6sx0MzwOL,malian blues
3mNygoyrEKLgo6sx0MzwOL,mande pop
3mNygoyrEKLgo6sx0MzwOL,world
2GHclqNVjqGuiE5mA7BEoc,alternative hip hop
2GHclqNVjqGuiE5mA7BEoc,chicago rap
2GHclqNVjqGuiE5mA7BEoc,conscious hip hop
2GHclqNVjqGuiE5mA7BEoc,hardcore hip hop
2GHclqNVjqGuiE5mA7BEoc,hip hop
2GHclqNVjqGuiE5mA7BEoc,political hip hop
0FRIWJYklnmsll5M6h4gUL,appalachian folk
0FRIWJYklnmsll5M6h4gUL,country gospel
0FRIWJYklnmsll5M6h4gUL,traditional country
0FRIWJYklnmsll5M6h4gUL,traditional folk
0FRIWJYklnmsll5M6h4gUL,vocal harmony group
6tbjWDEIzxoDsBA1FuhfPW,dance pop
6tbjWDEIzxoDsBA1FuhfPW,pop
2gBjLmx6zQnFGQJCAQpRgw,dance pop
2gBjLmx6zQnFGQJCAQpRgw,gangster rap
2gBjLmx6zQnFGQJCAQpRgw,hip hop
2gBjLmx6zQnFGQJCAQpRgw,pop rap
2gBjLmx6zQnFGQJCAQpRgw,rap
2gBjLmx6zQnFGQJCAQpRgw,st louis rap
2gBjLmx6zQnFGQJCAQpRgw,urban contemporary
7CCn4PFRRRZF127jtCBAUe,bubblegum pop
7CCn4PFRRRZF127jtCBAUe,classic rock
7CCn4PFRRRZF127jtCBAUe,country rock
7CCn4PFRRRZF127jtCBAUe,folk
7CCn4PFRRRZF127jtCBAUe,folk rock
7CCn4PFRRRZF127jtCBAUe,mellow gold
7CCn4PFRRRZF127jtCBAUe,psychedelic rock
7CCn4PFRRRZF127jtCBAUe,rock-and-roll
7CCn4PFRRRZF127jtCBAUe,soft rock
artist_id,artist_genres
artist_id,artist_genres
4xls23Ye9WR9yy3yYMpAMm,blues
4xls23Ye9WR9yy3yYMpAMm,rock-and-roll
4xls23Ye9WR9yy3yYMpAMm,rockabilly
4xls23Ye9WR9yy3yYMpAMm,soul
7C4sUpWGlTy7IANjruj02I,album rock
7C4sUpWGlTy7IANjruj02I,art rock
7C4sUpWGlTy7IANjruj02I,classic rock
7C4sUpWGlTy7IANjruj02I,mellow gold
7C4sUpWGlTy7IANjruj02I,new romantic
7C4sUpWGlTy7IANjruj02I,new wave
7C4sUpWGlTy7IANjruj02I,permanent wave
7C4sUpWGlTy7IANjruj02I,progressive rock
7C4sUpWGlTy7IANjruj02I,rock
7C4sUpWGlTy7IANjruj02I,singer-songwriter
7C4sUpWGlTy7IANjruj02I,soft rock
3iDD7bnsjL9J4fO298r0L0,album rock
3iDD7bnsjL9J4fO298r0L0,classic rock
3iDD7bnsjL9J4fO298r0L0,mellow gold
3iDD7bnsjL9J4fO298r0L0,rock
3iDD7bnsjL9J4fO298r0L0,soft rock
3iDD7bnsjL9J4fO298r0L0,yacht rock
